PassengerId,Pclass,Sex,Age,SibSp,Parch,Fare,Embarked,Cabin,Ticket,Survived
1,2,female,51.917336409280765,3,1,215.040681078406,S,,373450,1
2,3,male,29.07949634497817,5,0,169.94537764186023,S,D12,A/5 21171,0
3,3,female,22.22720662629522,5,1,104.98916892235115,S,,A/5 21171,0
4,3,male,56.33619897216826,4,2,221.97684223923446,S,B45,A/5 21171,0
5,1,female,9.727805394172584,4,4,59.36561289217135,Q,,A/5 21171,1
6,1,male,0.5,3,2,180.08711235263743,S,,A/5 21171,0
7,1,female,36.160202300746654,0,2,220.98304646048544,S,,113803,1
8,3,male,22.971240859063442,5,4,184.17254732730757,C,,373450,0
9,3,female,15.702740560170014,0,4,175.83247766819494,Q,E39,113803,0
10,3,male,39.91699026219095,0,3,189.39638204759981,C,,113803,0
11,1,male,33.41320999279678,3,3,118.93853583365787,S,,PC 17599,0
12,3,female,22.102899169685802,0,2,219.17181712847136,S,D12,PC 17599,0
13,3,female,12.075738418607479,5,2,54.84193640834234,S,,PC 17599,0
14,2,male,42.214402595922024,2,0,36.209671920083125,S,,STON/O2. 3101282,0
15,1,female,39.10281649142125,4,0,74.94965112903533,S,C23,PC 17599,1
16,1,male,28.61153790708864,2,3,135.23646220987334,S,C23,373450,0
17,2,male,55.852917944667325,0,5,130.08763987528783,Q,,113803,0
18,3,male,15.018813271433864,2,5,206.04669563076374,S,,373450,0
19,2,female,8.642647607053657,5,3,104.11932081898426,S,,PC 17599,1
20,2,male,20.31328702166258,5,0,123.66438444141961,S,,STON/O2. 3101282,0
21,3,male,29.36179577102303,0,0,8.27508239855193,S,,STON/O2. 3101282,0
22,1,female,33.40675229051769,3,5,105.38611292852008,S,,113803,1
23,2,female,26.62269519001138,2,1,163.70468707283382,S,,373450,1
24,2,female,34.928775551200154,3,1,8.799541003515085,S,,A/5 21171,1
25,2,female,12.478448061333783,3,0,73.81608147062973,C,,373450,1
26,3,male,50.21270445702564,1,1,55.949308025900535,S,,PC 17599,0
27,1,male,28.849883502504035,0,4,15.286430082849115,Q,B45,A/5 21171,0
28,3,male,45.64214164223379,4,3,122.41872202906168,S,C23,STON/O2. 3101282,0
29,3,male,34.798154849287855,5,3,49.52220684089834,S,,113803,0
30,1,female,36.39454506815297,5,0,187.05497720968813,S,,113803,1
31,3,male,37.976741923250856,0,2,212.74233152202038,S,,STON/O2. 3101282,0
32,1,male,36.26791984024241,4,5,138.66836975394122,S,,PC 17599,0
33,1,female,38.99811863814561,5,0,245.5182989176797,S,,STON/O2. 3101282,1
34,3,male,48.608135421854044,0,1,115.36725001029586,C,,PC 17599,0
35,3,male,32.75129637582058,5,5,130.77521150510432,C,,A/5 21171,0
36,3,male,39.926052606239175,3,2,247.35834971964877,S,B45,STON/O2. 3101282,0
37,2,male,28.743700279978825,2,1,61.72936681143696,C,,PC 17599,0
38,1,male,50.16164101629262,2,4,235.9237552208418,S,,A/5 21171,0
39,3,male,20.530507771170225,5,1,15.495201004182745,C,B45,STON/O2. 3101282,0
40,2,female,55.21316606075142,1,4,114.36478811448272,S,,113803,1
41,1,female,29.437788690979193,4,5,22.150860472601114,S,,STON/O2. 3101282,1
42,2,male,9.969148570347325,4,4,183.66251201384253,C,,373450,0
43,1,male,31.79346180875105,4,5,154.06018929060434,S,,STON/O2. 3101282,0
44,3,female,20.46527679535167,3,5,178.12539454956112,C,C23,373450,0
45,2,male,41.769009685842136,4,5,96.74769799216416,S,,A/5 21171,0
46,3,male,20.863264289766526,2,5,95.52307383768817,S,,STON/O2. 3101282,0
47,2,male,23.753431934993085,3,5,16.103223345419178,S,,A/5 21171,0
48,3,female,3.5464297667625644,0,1,90.73651018476174,S,,A/5 21171,0
49,3,male,23.667711530512925,4,5,232.67565855420457,S,B45,PC 17599,0
50,1,female,0.5,4,1,97.91050160921,C,C23,A/5 21171,1
51,3,male,7.825360471199872,0,5,208.68508802438265,S,,A/5 21171,0
52,3,female,40.64580518602016,4,4,211.36974866373384,C,,STON/O2. 3101282,0
53,3,female,41.001202221111654,0,5,96.44408331291228,C,,STON/O2. 3101282,0
54,3,male,35.956405864989506,3,2,159.8372266970663,S,B45,113803,0
55,3,female,16.46233399619102,2,5,28.366042556899366,C,,PC 17599,0
56,3,male,29.332041014012283,0,5,30.40125227989774,Q,,A/5 21171,0
57,1,female,29.94956445273204,1,4,16.921127597119764,C,,PC 17599,1
58,1,male,13.7828943513044,0,3,147.3486978769018,C,,373450,0
59,1,male,51.04757622474011,4,4,109.38738951839377,Q,,A/5 21171,0
60,2,female,42.2830720680594,3,2,139.26792738273883,S,,PC 17599,1
61,2,male,26.906501566384705,5,3,132.662931674555,S,,113803,0
62,2,male,30.37640174592343,3,0,90.79973281722891,C,,113803,0
63,3,female,32.917359311265734,5,0,170.98098663175085,S,,A/5 21171,0
64,2,male,1.415711842059931,0,2,190.8329608245157,S,B45,373450,0
65,2,male,26.539516644711643,2,4,8.58392342503055,S,,113803,0
66,3,female,20.45222052803082,1,1,55.77436344337519,C,,113803,0
67,1,female,15.977319861471184,3,2,179.74278768041754,S,,373450,1
68,3,male,26.064595899596632,4,3,99.72194229528938,Q,,PC 17599,0
69,1,male,55.167611375893316,5,3,167.308567000694,S,,113803,0
70,3,female,38.971800057738136,4,5,90.00585163496682,S,B45,STON/O2. 3101282,0
71,3,female,22.003494143040847,2,0,100.73501232076109,S,,113803,0
72,1,male,38.01615893898622,5,3,43.8763240539728,S,D12,PC 17599,0
73,1,female,49.59097611220403,3,2,68.26659981820922,S,,PC 17599,1
74,3,male,42.944871560778765,0,3,153.3258805893589,Q,,A/5 21171,0
75,3,male,30.834825178882436,4,2,111.12496227221577,C,,STON/O2. 3101282,0
76,3,male,20.942885112121964,2,1,194.7041573214258,S,,PC 17599,0
77,3,male,39.77512639059026,3,5,213.88331395989397,S,C23,373450,0
78,1,male,35.50879539590449,3,0,137.70337246310618,C,C23,STON/O2. 3101282,0
79,2,female,42.532705080388254,3,3,190.77548655373448,Q,B45,STON/O2. 3101282,1
80,1,female,38.89240522354757,3,2,80.19160573266966,S,E39,373450,1
81,3,female,44.693738014470696,5,4,106.66794777301916,S,C23,113803,0
82,3,female,22.506707038152047,3,0,179.6305306731236,S,,373450,0
83,2,male,48.44351691888056,4,1,99.62193824017251,C,,373450,0
84,1,male,32.766394465693594,2,2,149.18370911395226,S,,113803,0
85,2,male,59.05365221675372,5,5,50.416330875215316,S,,113803,0
86,2,male,20.35137054674605,3,5,151.943972167772,S,C23,113803,0
87,3,female,54.303493244313486,1,1,216.07085827058893,C,,113803,0
88,3,male,32.77075096847707,1,1,217.81671175673927,S,,113803,0
89,3,male,20.880147949397724,2,5,182.46437955073722,S,,373450,0
90,2,female,23.2255983232395,0,3,187.7095778736509,S,,A/5 21171,1
91,1,female,25.51513768527952,0,3,141.69222406192168,S,,A/5 21171,1
92,3,female,35.93832324962683,5,2,148.24368209062706,S,,PC 17599,0
93,3,female,37.319696832496994,5,4,37.744392445576906,C,,A/5 21171,0
94,3,male,21.968199944859894,5,2,113.74550116321878,C,,A/5 21171,0
95,3,male,29.65903570834624,0,4,115.44018955215914,C,,373450,0
96,2,female,59.99178502056609,1,1,239.83196973859634,C,,113803,1
97,3,male,54.18560438140996,0,0,110.61628134270592,S,,113803,0
98,2,male,36.10853137543645,4,2,139.58894800117562,C,,373450,0
99,1,male,30.532048694354803,3,2,135.6465928233801,S,,A/5 21171,0
100,1,female,31.680438574055657,5,4,161.00662067586015,S,,373450,1
101,1,male,38.58925161822583,1,1,188.31704367631448,Q,,PC 17599,0
102,3,female,15.680904087222322,2,1,60.13525966186367,S,,113803,0
103,2,male,26.396728476073168,2,4,134.53748267911675,S,,STON/O2. 3101282,0
104,3,male,6.639822965713748,3,1,207.34983829242745,S,,PC 17599,0
105,3,male,35.58912371647391,1,5,118.46310489019031,S,,PC 17599,0
106,2,female,39.060743155838374,0,3,73.22209886152538,S,B45,373450,1
107,2,male,23.235389527808763,0,5,165.40372346229327,C,,A/5 21171,0
108,3,female,52.03581468606046,4,0,206.82301197078513,Q,E39,113803,0
109,2,female,12.839280717967224,4,2,20.469371767210873,S,,STON/O2. 3101282,1
110,1,female,9.498751677062518,0,0,195.31366843477065,S,,PC 17599,1
111,2,male,33.14232545983961,2,2,206.30374357563394,S,,STON/O2. 3101282,0
112,1,male,44.65937623657017,5,3,118.07311725920867,C,,A/5 21171,0
113,3,male,53.57498768041016,2,1,245.90988592052452,S,,A/5 21171,0
114,3,male,23.57562031983484,4,5,197.74354347329074,S,,STON/O2. 3101282,0
115,3,female,45.101531668038135,3,4,194.5473283994381,S,,113803,0
116,3,female,29.4608814269901,0,5,188.2204507309576,S,,A/5 21171,0
117,3,female,27.583217800828525,4,3,41.89898528847713,S,,STON/O2. 3101282,0
118,1,male,42.371239124813414,4,0,58.22156718098765,C,,PC 17599,0
119,3,female,39.13252029778788,5,4,118.67758220878413,S,,STON/O2. 3101282,0
120,3,male,7.930509802220509,0,1,69.68106574006914,S,,STON/O2. 3101282,0
121,3,female,50.671564896162536,5,3,106.73403822183991,S,C23,373450,0
122,3,male,49.321278958064326,0,4,222.67370693111556,C,B45,A/5 21171,0
123,2,male,21.242122178866587,5,3,206.96008851042095,S,D12,113803,0
124,1,female,35.54124946812372,2,3,159.35977022759565,S,,113803,1
125,2,female,36.916422607958346,3,1,215.23949659152038,S,C23,373450,1
126,2,female,33.6494327215347,3,2,197.02423530922607,S,B45,113803,1
127,3,female,22.29572784616412,0,4,110.10130830101816,C,,STON/O2. 3101282,0
128,3,male,20.597272848867277,1,1,54.26096225223656,S,,373450,0
129,1,female,29.642243006119767,4,3,130.9792548022881,Q,D12,PC 17599,1
130,3,female,46.418206269631106,4,1,185.3760762194948,S,,A/5 21171,0
131,2,female,37.61040216432205,0,2,111.92280168875028,C,,A/5 21171,1
132,2,male,24.811399350794517,5,5,168.35911789705483,S,,A/5 21171,0
133,1,male,40.80378194907683,1,4,28.110219441305688,C,,STON/O2. 3101282,0
134,2,female,0.5,2,2,188.26116041099382,S,B45,PC 17599,1
135,3,male,46.08271980520945,5,0,204.1148368738002,S,,373450,0
136,2,female,5.644007097106606,5,4,178.17527466623258,C,,373450,1
137,3,male,24.92582682035615,0,2,241.97957894395955,S,,A/5 21171,0
138,3,male,14.324621475233986,0,3,207.5297540778569,S,,PC 17599,0
139,2,male,11.874459339907318,4,4,226.25796332975187,S,,PC 17599,0
140,3,male,46.25157502329927,0,4,233.72491544712378,S,,PC 17599,0
141,3,female,23.452183181633522,0,1,201.3302580090831,S,B45,113803,0
142,2,female,34.85105434423002,0,3,170.19341629159229,S,,113803,1
143,2,female,29.343111895691422,4,0,6.401052433393375,S,,A/5 21171,1
144,2,male,36.6785715811237,2,5,119.12730953966555,C,,PC 17599,0
145,2,female,31.075506474843575,2,2,144.93476316247845,S,,PC 17599,1
146,1,female,12.038108861360026,0,1,79.4874167497599,C,B45,373450,1
147,3,female,43.947735472259964,4,2,82.93558949135065,Q,C23,373450,0
148,3,male,23.087407835741626,2,0,240.48405684899046,S,C23,A/5 21171,0
149,1,male,8.207853418763484,5,0,223.46916197467274,S,,PC 17599,0
150,2,male,24.006387746477223,2,4,213.04885634791754,S,,A/5 21171,0
151,3,female,51.01063706888036,2,0,104.4728914179971,S,,373450,0
152,2,female,41.903104389588904,4,2,8.356144850184064,Q,,373450,1
153,1,female,25.11887011828997,5,3,24.654450381649948,S,C23,113803,1
154,2,male,25.110392139541997,4,3,81.4881102133129,S,B45,A/5 21171,0
155,3,male,25.497109282956643,0,4,8.85701368394086,S,C23,A/5 21171,0
156,2,female,59.07447176985177,3,5,9.201696569223538,S,D12,PC 17599,1
157,3,male,35.347096331241744,2,2,229.56780890239068,S,C23,PC 17599,0
158,3,male,36.02058306067497,3,2,178.00883301916824,S,,113803,0
159,2,male,44.42396835644579,4,0,80.6942175666974,Q,,STON/O2. 3101282,0
160,3,male,33.34304822637119,4,2,37.497921512233525,S,,STON/O2. 3101282,0
161,2,female,26.373409958510155,4,1,130.3507508842939,S,,STON/O2. 3101282,1
162,3,male,27.251102112810305,3,5,6.309809409319292,C,,A/5 21171,0
163,3,male,28.997582368203105,4,0,234.9113672452453,S,,A/5 21171,0
164,3,male,29.478888688862217,0,1,106.62970425029206,Q,B45,373450,0
165,1,male,40.18681361091772,4,4,103.57206403314653,Q,,A/5 21171,0
166,3,female,30.727242401302192,1,3,100.69543385753664,C,C23,A/5 21171,0
167,2,female,40.256961081018105,3,4,21.985440945002367,C,B45,A/5 21171,1
168,1,male,28.869967878479848,1,3,161.3889487489975,S,,113803,0
169,1,male,31.100892664425267,4,4,184.58588680894658,Q,,A/5 21171,0
170,3,male,2.025190416550494,0,2,170.6507224091311,S,,PC 17599,0
171,3,male,42.82858744583474,2,1,38.916695865701605,C,C23,PC 17599,0
172,1,male,34.850838662571896,5,3,146.81584116872017,Q,C23,373450,0
173,3,male,43.97214153803513,5,0,144.52369862220218,Q,B45,113803,0
174,2,female,0.5,4,1,217.7606430456386,C,,PC 17599,1
175,3,male,59.23724586693018,0,0,97.88627630203351,S,,113803,0
176,1,female,28.04574520582757,3,1,96.01405619656138,Q,,113803,1
177,3,female,45.514559434325236,1,1,156.53912938595548,S,C23,373450,0
178,2,male,15.441317020242568,1,4,160.1028001073807,Q,,113803,0
179,3,female,38.57883467087598,1,3,119.97488069481864,S,,A/5 21171,0
180,1,female,15.252182115568814,3,3,113.54954377095316,S,,113803,1
181,2,female,21.267234550258728,5,1,126.06617930628126,S,,373450,1
182,1,female,56.796438954135006,0,2,215.95609837831142,S,,373450,1
183,3,female,27.33044638931315,3,2,117.98589080720795,C,,373450,0
184,3,female,33.04406022451612,1,0,235.2832890326065,S,,PC 17599,0
185,2,male,42.18094822964256,4,0,128.4809220810999,S,,A/5 21171,0
186,3,female,36.93954643161646,2,4,237.5541698293184,S,C23,PC 17599,0
187,3,female,32.10586467201007,3,1,209.04381595792356,C,B45,STON/O2. 3101282,0
188,3,female,35.109454034527154,3,0,93.79567404087813,S,,A/5 21171,0
189,3,male,63.64781819333585,0,0,216.59214821767094,S,C23,113803,0
190,2,female,29.193336841529806,0,5,31.96550462927323,S,,373450,1
191,1,male,32.815386654009544,3,1,231.63655795903856,S,,STON/O2. 3101282,0
192,3,female,44.709161544106564,1,4,159.75266119530846,S,B45,A/5 21171,0
193,3,male,45.47736306141177,2,0,18.32573338796624,S,C23,PC 17599,0
194,3,male,46.61842427784532,0,4,162.84289729444882,S,B45,373450,0
195,2,female,38.942223108408584,1,3,243.69067526546525,Q,,PC 17599,1
196,2,female,13.997931221773229,4,4,22.101160380584087,C,,A/5 21171,1
197,3,male,52.868041452215344,0,2,140.89848889612114,S,B45,A/5 21171,0
198,3,female,13.951164497738368,1,2,188.20961569104625,Q,,STON/O2. 3101282,0
199,3,male,34.236896513346466,1,4,203.51335374138517,S,,113803,0
200,3,male,19.44013809972899,2,2,106.38772900359498,S,C23,PC 17599,0
201,3,male,29.102063147698104,2,3,55.020806996219534,S,B45,STON/O2. 3101282,0
202,1,male,34.602673744248726,4,1,15.373858299234039,S,B45,373450,0
203,1,male,34.49900101630382,1,2,147.03290848882006,S,,113803,0
204,3,female,35.906890559293984,5,2,115.96321221556464,S,B45,STON/O2. 3101282,0
205,3,male,52.591957766821054,1,4,237.4423768116792,S,,PC 17599,0
206,1,male,36.34948022119572,2,3,19.8482023901529,C,,A/5 21171,0
207,1,female,26.58180710593092,5,1,172.9218591442714,S,,373450,1
208,3,male,43.497220356037005,0,4,11.116724419414005,S,,PC 17599,0
209,1,female,46.65258684494496,0,4,47.00137329408297,S,,113803,1
210,1,female,12.813490588082104,3,5,116.12685498109435,S,,113803,1
211,3,female,38.36360097789802,2,3,116.44374848670272,S,,A/5 21171,0
212,3,male,39.816418392352574,3,1,172.99663301874276,S,,A/5 21171,0
213,3,male,25.834110952960113,5,3,228.00219354260037,C,,373450,0
214,2,male,49.25989538636267,2,1,161.5628789341556,S,,373450,0
215,3,female,27.899221781544625,4,3,238.61609897361967,S,,A/5 21171,0
216,2,male,31.758070348601592,1,4,220.99583177010942,S,C23,A/5 21171,0
217,2,female,27.576994460025826,4,4,148.2024499050436,S,C23,113803,1
218,3,male,30.218106666140546,5,0,209.27902797511268,S,,A/5 21171,0
219,3,female,14.652148783467174,2,2,162.43151452929033,S,B45,STON/O2. 3101282,0
220,3,male,9.839287643679878,5,5,24.24666857631315,S,,PC 17599,0
221,3,male,52.32307088514961,1,3,186.43835719857995,S,,A/5 21171,0
222,3,male,18.14254112354341,0,5,28.252568110499823,S,B45,373450,0
223,1,female,16.1205071076117,0,0,150.55028123957953,S,,STON/O2. 3101282,1
224,2,female,0.5,5,2,177.14685043526606,S,E39,373450,1
225,2,male,21.054535532346968,3,3,21.299264011659535,S,,STON/O2. 3101282,0
226,2,male,11.476742892295022,2,1,61.54469021200028,S,C23,A/5 21171,0
227,3,female,52.98821224190917,2,2,229.33969690410422,S,,PC 17599,0
228,2,female,44.137439250796874,0,4,155.9970505970596,S,,373450,1
229,3,female,20.365895167511866,4,0,65.34007460858024,S,,STON/O2. 3101282,0
230,3,male,61.53410127482032,1,2,174.2165439312616,S,C23,113803,0
231,3,female,43.74471681788232,4,2,151.21022289061395,S,,A/5 21171,0
232,3,male,25.452360630879284,4,4,127.88604647989735,C,D12,PC 17599,0
233,3,female,0.5,5,3,244.1658088720805,S,,A/5 21171,0
234,2,male,62.07319601627039,0,1,172.44617546483968,C,,113803,0
235,1,female,10.545985465309656,0,4,96.9830718686386,S,,PC 17599,1
236,3,female,6.964417542603513,0,1,201.01799085883266,S,,113803,0
237,2,female,44.31598604813496,5,3,221.722906765691,S,B45,A/5 21171,1
238,1,female,64.15653368874982,3,2,35.6790370816237,S,,STON/O2. 3101282,1
239,3,female,49.37981945914726,4,1,54.13547957209029,S,,A/5 21171,0
240,1,male,37.894727680733034,5,0,57.97561723630603,S,,A/5 21171,0
241,3,female,38.326560783314,2,0,174.3468932997024,S,,A/5 21171,0
242,3,female,41.94781782292431,1,4,152.7446909880544,S,B45,373450,0
243,3,female,40.62500025701471,3,3,156.6529333511541,C,,113803,0
244,2,male,33.93667993557126,2,4,235.48945842392774,Q,,113803,0
245,1,female,31.458815455326263,4,4,195.09832553778995,S,E39,113803,1
246,3,male,29.123696209406685,0,5,36.34454650538688,S,B45,373450,0
247,2,female,19.444495755866534,4,4,90.13923519416934,S,,STON/O2. 3101282,1
248,3,female,26.070548923865164,5,5,111.67144331305522,S,,A/5 21171,0
249,3,male,6.2986046012646035,1,0,102.0105892431632,S,,STON/O2. 3101282,0
250,3,female,28.6232452248735,5,0,168.9806092446604,Q,,373450,0
251,2,male,16.159724499887155,3,4,223.51381029785782,S,B45,113803,0
252,2,male,14.549749558979208,3,0,79.98260856308306,S,,A/5 21171,0
253,3,female,32.5185181161487,1,3,140.20989842319048,S,,PC 17599,0
254,2,male,49.48803200882439,2,5,198.40530836882849,C,,PC 17599,0
255,1,female,42.85643248403238,2,5,106.97342441711059,S,,STON/O2. 3101282,1
256,3,female,8.012991549275522,3,4,46.18894145782748,S,,113803,0
257,3,male,16.145206088015275,3,0,121.36298648961832,Q,,PC 17599,0
258,3,male,43.170796631835024,0,1,18.529517582041976,S,,STON/O2. 3101282,0
259,3,male,16.245176490463663,2,5,235.88394623055783,C,,373450,0
260,1,male,26.855135900041656,1,4,23.331195272768394,S,,STON/O2. 3101282,0
261,3,female,37.700729386343724,2,4,112.42189523639165,C,,STON/O2. 3101282,0
262,3,female,16.443177631909105,0,3,134.8209089666889,S,,STON/O2. 3101282,0
263,1,male,31.475257086043438,5,2,246.39943891038493,S,,A/5 21171,0
264,3,female,11.323643071145138,3,2,45.67534679250089,C,,STON/O2. 3101282,0
265,3,female,21.58085298468301,3,5,33.03572206002785,S,,STON/O2. 3101282,0
266,3,female,34.47694707799552,0,3,7.133006030323177,S,,A/5 21171,0
267,3,female,7.6980877305566295,1,3,43.11500203297906,S,,A/5 21171,0
268,3,male,36.166646331445584,3,3,55.78187987157857,S,C23,373450,0
269,2,male,29.725070815026463,4,5,159.49233068785762,S,D12,113803,0
270,2,female,37.734859361840066,3,2,58.8281636458931,S,C23,PC 17599,1
271,3,male,33.13479787690526,4,3,10.027599608684676,S,,PC 17599,0
272,3,male,49.097966019633816,0,0,207.52149464810972,S,B45,STON/O2. 3101282,0
273,3,male,31.7531430370707,0,4,94.57094674597185,S,,373450,0
274,3,female,23.98832242424646,3,4,91.65568821227981,S,,STON/O2. 3101282,0
275,3,female,31.71216504245197,2,1,79.10736214614201,C,,PC 17599,0
276,3,female,37.60617240650943,4,1,243.96645290087312,Q,B45,A/5 21171,0
277,3,male,30.68404098455986,1,5,46.678277240773966,C,,113803,0
278,3,female,30.568283676854353,3,5,225.0683256685426,S,,373450,0
279,3,female,20.172116370705425,1,4,195.31681637427255,S,C23,A/5 21171,0
280,3,male,20.719387154286725,3,0,23.737589097331703,S,B45,113803,0
281,3,female,10.36352619480429,2,2,246.74862986770793,S,,373450,0
282,2,female,54.49407440461715,2,2,71.48466106705759,S,,373450,1
283,2,male,12.585914704522008,2,5,29.152817120491022,S,,PC 17599,0
284,1,male,20.299327230857298,5,0,208.18198736081106,S,C23,A/5 21171,0
285,3,male,19.94229828203124,2,5,178.13550575103648,Q,,373450,0
286,1,female,42.528941277222174,0,2,156.2186074400857,S,,373450,1
287,2,female,25.87070450391161,0,5,43.21531160623862,S,B45,113803,1
288,3,female,47.46838901743227,5,3,122.23154848271066,S,,PC 17599,0
289,2,male,20.57113126058584,4,5,196.23622658736738,S,,STON/O2. 3101282,0
290,3,male,33.90591827113323,1,4,79.38786484524086,C,,PC 17599,0
291,1,female,18.3051412543634,3,5,81.36400798618516,S,,STON/O2. 3101282,1
292,1,female,60.03208778882744,3,4,5.769521981789919,S,,A/5 21171,1
293,3,male,13.37362213358682,5,0,47.68963340311799,S,,A/5 21171,0
294,2,male,34.33748994317838,0,2,219.4743781548494,S,,373450,0
295,1,male,38.872876333049376,3,1,113.22789045123824,S,,A/5 21171,0
296,3,male,35.79318736432097,0,1,246.13745231243632,C,,373450,0
297,3,female,27.405972775712083,4,2,101.94845107557917,C,D12,PC 17599,0
298,2,male,28.182510203732033,1,1,180.2206814211591,C,E39,A/5 21171,0
299,3,female,30.613360607707534,4,5,74.07016551165864,S,,PC 17599,0
300,1,female,27.94197197720116,5,0,94.13336207952871,C,,PC 17599,1
301,1,female,43.494307635128735,2,0,51.72786695976919,S,,A/5 21171,1
302,3,male,60.94732202227892,2,2,90.03028028235177,S,B45,PC 17599,0
303,3,male,22.19511500989033,2,1,139.07319250305756,S,,A/5 21171,0
304,3,male,10.82275828589291,4,5,247.9843558399161,S,E39,A/5 21171,0
305,3,male,28.764051323082434,3,0,167.72941970258748,S,,A/5 21171,0
306,3,female,66.11593072716046,1,0,53.815258830036946,C,E39,STON/O2. 3101282,0
307,3,male,18.74855604842377,2,3,16.015553189930028,S,B45,PC 17599,0
308,2,male,52.94763527621694,5,3,35.9573379220551,S,B45,113803,0
309,3,female,53.48781139707017,5,0,142.82602431189662,S,,A/5 21171,0
310,2,male,22.249764616088076,2,2,192.46428056010774,C,,PC 17599,0
311,2,female,37.965763108593855,2,4,235.402705788683,Q,,373450,1
312,1,female,52.797552723799534,1,4,8.876677139221101,C,,A/5 21171,1
313,1,female,24.69221162617518,2,5,133.0762346826581,S,,A/5 21171,1
314,3,female,27.149874958566937,1,0,120.3625022746783,S,,113803,0
315,3,female,21.85646720471899,5,0,165.73348038404748,S,,STON/O2. 3101282,0
316,3,female,15.793405770299863,2,0,142.09681934400876,S,,STON/O2. 3101282,0
317,2,female,20.9101143690759,4,2,173.32459189270773,S,,A/5 21171,1
318,1,female,12.864836265328407,4,3,166.23023326355164,S,,PC 17599,1
319,1,male,30.477168555629166,5,0,33.66787259019682,S,E39,373450,0
320,2,male,19.220374765179017,1,0,200.9308888365863,Q,,373450,0
321,3,male,33.273002765070466,4,1,35.191981050499585,S,,PC 17599,0
322,3,male,8.217460953149217,1,2,176.1400031762386,S,,A/5 21171,0
323,3,female,34.6323232510024,4,5,106.95561507194864,S,B45,373450,0
324,2,male,41.66940546252495,4,0,130.89342997126647,Q,,STON/O2. 3101282,0
325,3,female,2.087701003999623,1,1,226.3080135220491,C,,PC 17599,0
326,3,male,35.23679197786601,3,4,223.0215129860042,C,,113803,0
327,3,male,47.18736589462609,4,5,205.37479488548223,Q,,A/5 21171,0
328,3,male,13.065025738323122,2,0,129.9863532117992,S,,PC 17599,0
329,2,female,53.416013415727846,5,0,185.3787534827891,S,D12,373450,1
330,2,male,35.86626613112463,3,1,130.6597786021083,S,E39,A/5 21171,0
331,2,female,20.129834019382276,1,2,218.05349020632048,S,,STON/O2. 3101282,1
332,3,female,29.219232912792116,3,0,103.68007914206048,S,,A/5 21171,0
333,1,male,37.816576775304114,0,4,242.70765938164482,S,,A/5 21171,0
334,1,male,31.064075479773763,0,0,233.419075766075,Q,,STON/O2. 3101282,0
335,1,male,37.54258389424917,4,4,186.69264176568745,Q,,STON/O2. 3101282,0
336,1,female,17.110569696888874,4,5,73.45689162313764,C,,A/5 21171,1
337,3,male,32.37105153650509,2,5,37.255129254348304,C,E39,STON/O2. 3101282,0
338,3,female,10.207997043330277,5,3,214.40234527283337,S,D12,PC 17599,0
339,2,female,28.442835141118195,3,3,45.49906010380051,S,,STON/O2. 3101282,1
340,1,male,17.345293019492942,0,4,214.29389330434725,S,,STON/O2. 3101282,0
341,2,male,19.702580803743267,4,2,125.23742664452831,S,,A/5 21171,0
342,2,female,47.305304452946125,5,0,104.60641203298553,C,,PC 17599,1
343,1,female,45.27834168831977,3,0,226.28174081443512,S,,113803,1
344,2,female,38.52793369270048,4,3,152.9434907223681,Q,,113803,1
345,2,male,14.707621294583895,4,4,146.27043174678084,S,B45,373450,0
346,3,female,25.570281704272773,0,0,141.8976564329774,S,C23,STON/O2. 3101282,0
347,3,male,46.98336779970857,0,0,95.9365314247852,S,,STON/O2. 3101282,0
348,1,female,31.984036790958665,4,2,197.48256036463619,S,,PC 17599,1
349,2,female,62.47061355974372,1,1,66.93561878386438,S,,113803,1
350,3,male,35.5064497515212,4,3,235.02926521011238,S,,373450,0
351,3,female,32.68868763086044,5,3,224.0263752365054,C,,PC 17599,0
352,3,male,25.67236950116498,4,1,87.68267979035005,S,,STON/O2. 3101282,0
353,3,male,31.869572666951953,2,0,183.7186236087576,S,,113803,0
354,1,female,27.865422290672385,2,2,145.4396826401499,S,,373450,1
355,1,male,39.913521473640266,2,2,87.72407898981248,S,D12,A/5 21171,0
356,3,male,43.393832435124175,1,3,247.18780375888446,Q,,113803,0
357,1,female,18.996147552888708,1,2,11.183149732824731,S,,373450,1
358,3,male,11.362738650191108,4,5,66.89827750221522,Q,,PC 17599,0
359,3,male,4.293124776553849,2,1,132.41814497223186,S,,A/5 21171,0
360,3,male,37.11187857677561,1,0,132.87848585224816,Q,,373450,0
361,2,female,14.552867513565769,0,5,149.2886033616632,S,E39,373450,1
362,3,male,0.5,4,1,189.16066214561522,S,B45,STON/O2. 3101282,0
363,2,female,35.440100463433495,5,4,157.75206847722762,S,,113803,1
364,3,female,64.90199324405907,3,3,152.06895782936905,S,,STON/O2. 3101282,0
365,3,male,29.915007238441493,4,2,18.111043413695604,S,,A/5 21171,0
366,2,male,41.73887084232299,3,4,97.24992050837808,S,,373450,0
367,3,male,31.14561101966591,2,2,61.85365622678322,S,C23,STON/O2. 3101282,0
368,3,female,28.615544855324003,3,5,70.01567734248398,S,,113803,0
369,1,male,42.86707076182876,2,0,140.81268121338448,S,,A/5 21171,0
370,1,male,25.93615638135888,0,0,53.878802157754066,C,,PC 17599,0
371,1,male,33.74349239700664,3,0,77.0175297491399,S,,STON/O2. 3101282,0
372,1,male,34.50376928674419,4,2,63.085753586748325,S,D12,A/5 21171,0
373,1,male,20.64673364899732,2,4,237.3832210884577,S,,PC 17599,0
374,3,female,43.888592893511316,4,0,236.44310438191832,C,C23,STON/O2. 3101282,0
375,1,female,27.550563406264278,1,4,154.43568185603266,S,,A/5 21171,1
376,2,male,19.419567767100176,2,2,231.50800483931548,S,C23,A/5 21171,0
377,3,male,37.51113780998565,3,5,197.52409813975143,Q,,STON/O2. 3101282,0
378,1,male,17.42144825492548,2,4,149.53723128644316,C,,A/5 21171,0
379,3,male,30.394536203167796,4,5,6.576626816714949,S,B45,373450,0
380,2,female,29.872334046981152,0,2,194.26649008945398,S,,STON/O2. 3101282,1
381,1,male,45.20253792164209,2,2,177.10964368917487,C,,A/5 21171,0
382,3,female,36.64577526031934,3,3,155.73714505419142,S,,PC 17599,0
383,3,female,29.649622577567985,1,2,191.30395636220558,S,C23,PC 17599,0
384,3,male,41.44872818880402,5,2,130.6659303698176,S,,373450,0
385,3,female,49.46290568624239,0,1,177.50040147372806,C,D12,STON/O2. 3101282,0
386,3,female,37.80934428892607,1,0,234.11716124799085,S,,A/5 21171,0
387,2,female,30.14493667780733,2,3,97.07222888229114,C,,A/5 21171,1
388,1,female,11.634292747097767,4,3,178.48984955065322,S,C23,PC 17599,1
389,3,male,15.088408716944784,4,3,121.54351541268488,S,,373450,0
390,3,male,25.726854139034653,3,1,170.22791469442546,S,B45,PC 17599,0
391,3,female,21.466829169770037,4,5,191.9088672108192,S,E39,PC 17599,0
392,2,male,27.382401758203756,0,2,16.13586260677001,Q,,373450,0
393,2,male,30.7930989485595,4,0,163.41710876742218,C,,STON/O2. 3101282,0
394,3,male,37.41569856099423,3,4,60.55159017970142,S,,A/5 21171,0
395,2,male,29.013017107172722,5,5,169.15797176285386,S,C23,STON/O2. 3101282,0
396,3,male,36.811023013566825,2,2,119.7408955537843,S,B45,113803,0
397,3,female,30.902641807341684,2,1,194.52042175689738,S,,113803,0
398,2,male,2.343468071045802,4,2,35.23319972537112,S,,113803,0
399,3,male,16.84930448653744,1,2,158.4489761557678,S,,373450,0
400,3,male,27.982774219897383,2,1,73.22532858725032,S,B45,PC 17599,0
401,1,male,13.064273600224496,5,3,213.9805888559949,C,,STON/O2. 3101282,0
402,3,female,38.399002219946865,4,3,232.45395888089533,Q,,A/5 21171,0
403,3,female,51.43051165281176,3,0,249.11758195136858,S,,113803,0
404,3,female,47.06266592376244,5,0,200.0218135946844,C,B45,STON/O2. 3101282,0
405,2,female,27.011799806977088,4,3,189.66484725486112,S,,113803,1
406,3,male,50.87016591589933,5,5,57.79768592255001,S,,113803,0
407,2,female,32.081344400829565,2,4,87.32172945257665,S,,A/5 21171,1
408,1,male,25.28079640434745,3,2,119.09222273175848,S,,373450,0
409,3,male,21.412362710426844,4,4,194.47835670665117,S,C23,PC 17599,0
410,1,male,25.765424389166203,0,2,229.16663694410232,S,E39,373450,0
411,2,male,24.565524540422796,3,3,51.33907950563123,C,,STON/O2. 3101282,0
412,3,male,32.38582711325683,0,0,230.98003374417522,C,,373450,0
413,3,female,32.24803573469811,5,5,175.42803982674423,S,,STON/O2. 3101282,0
414,3,female,30.0426442821478,1,0,154.63882901783447,Q,,STON/O2. 3101282,0
415,3,female,36.117134376448895,3,4,53.96111146407518,S,B45,PC 17599,0
416,2,female,46.66904784700878,5,0,18.603633038241888,S,,A/5 21171,1
417,2,male,43.29375789617853,0,3,144.27390013444528,S,,PC 17599,0
418,2,female,9.21142844170135,2,5,164.62134241557865,S,,373450,1
419,3,male,0.5,2,4,56.641455091898614,S,,STON/O2. 3101282,0
420,3,female,43.08047875734983,1,5,141.33177042723682,S,,113803,0
421,3,male,10.863698222184105,3,2,214.84088367683052,S,,113803,0
422,3,male,26.85328437350243,3,0,209.5911566364799,C,,STON/O2. 3101282,0
423,1,female,13.618417635168967,3,5,232.2020192436428,S,C23,PC 17599,1
424,2,male,4.772273873879726,5,1,94.6420233414357,S,,A/5 21171,0
425,1,male,37.580478194867034,1,0,82.92214527497508,S,,PC 17599,0
426,3,female,40.62817224423706,3,2,188.60937146529812,S,E39,STON/O2. 3101282,0
427,2,male,21.92885438982593,5,5,110.62253924876622,S,,STON/O2. 3101282,0
428,3,female,0.5,2,4,26.449422686806248,C,C23,A/5 21171,0
429,2,female,22.35257772446524,0,2,74.28627701427243,S,,373450,1
430,1,female,35.485256075635654,5,1,107.55265995521484,S,,373450,1
431,1,male,9.295238037162196,2,5,76.66652424168174,S,,A/5 21171,0
432,3,male,32.56703887690818,2,3,86.39036488209379,S,,373450,0
433,3,male,29.785662111578063,0,0,76.97509701272574,S,,113803,0
434,1,female,38.11008099441524,2,4,15.167295959854464,S,D12,373450,1
435,1,male,31.674125157798144,1,3,161.08820170198842,Q,,373450,0
436,3,female,16.37703482765822,0,5,151.33664298659997,S,,373450,0
437,1,female,46.75200102330288,2,5,165.07895712727674,S,,113803,1
438,3,male,27.78058597762242,4,2,52.11592452823873,S,,373450,0
439,3,female,29.617736446860953,5,5,77.4353626950589,S,,113803,0
440,1,male,16.934248572975257,2,4,156.80590210150595,S,,A/5 21171,0
441,1,male,23.794048483318853,1,3,151.90875427268074,Q,C23,PC 17599,0
442,3,male,17.612762003623388,3,4,129.05092579179563,S,E39,A/5 21171,0
443,2,male,27.578755161072078,2,1,90.85124625249837,S,,PC 17599,0
444,2,male,53.96391872199281,3,1,228.66809616979904,S,,A/5 21171,0
445,3,female,10.793383998961012,4,0,88.24370936321672,S,D12,PC 17599,0
446,3,female,7.410140429725622,2,0,116.62669332712665,S,C23,PC 17599,0
447,3,female,50.596384584910524,0,1,171.13788858378115,S,,STON/O2. 3101282,0
448,3,male,27.069468519873872,3,5,138.04025056235722,S,D12,PC 17599,0
449,2,male,20.632981658761167,4,4,89.98706420927446,S,,PC 17599,0
450,1,male,44.55866562354507,0,1,111.73297366184491,C,D12,STON/O2. 3101282,0
451,3,female,21.521382443683905,0,0,199.64780037410898,S,,373450,0
452,3,male,55.5641359896571,0,1,73.14164309422004,S,,373450,0
453,2,female,39.49096219874977,0,5,39.85253374531978,S,B45,STON/O2. 3101282,1
454,3,female,23.169240285960164,2,1,81.72498444829539,S,,113803,0
455,1,male,60.20231498571705,5,4,213.13588279453583,S,,PC 17599,0
456,2,male,21.519991077953264,2,3,26.80248013980493,S,,PC 17599,0
457,1,female,40.3893352081303,2,5,247.9655379762507,S,E39,STON/O2. 3101282,1
458,2,male,34.190096125690886,4,0,137.54571023727732,S,B45,STON/O2. 3101282,0
459,1,female,48.22437805158317,4,4,246.28720727193803,S,C23,113803,1
460,1,male,51.86115675417594,5,1,235.0541234110645,S,,373450,0
461,1,male,30.44805808692073,4,1,115.93935998167461,C,B45,A/5 21171,0
462,3,female,19.452149815153433,1,3,53.63031327831053,S,,373450,0
463,3,male,36.43961000114763,5,0,45.39677025845892,S,,PC 17599,0
464,3,female,20.511984823470513,4,0,63.79739414813959,S,C23,STON/O2. 3101282,0
465,3,male,58.18742146537272,5,2,178.98249693831164,S,,113803,0
466,2,female,31.911494635158324,2,0,71.87274870921452,S,,373450,1
467,2,female,24.88549828163048,2,3,88.64919105305309,S,,113803,1
468,3,male,32.585524282108715,5,2,114.95080697868062,C,,373450,0
469,2,female,11.140231946584251,1,2,228.7420067032568,S,B45,PC 17599,1
470,3,male,16.397403460850878,1,1,51.401387381787295,S,,A/5 21171,0
471,1,male,46.80579471122196,5,1,6.231505389401763,S,C23,113803,0
472,3,male,20.80348009440046,4,0,19.723620542651688,S,,113803,0
473,1,female,15.343246242452846,3,2,226.6677537116289,S,,A/5 21171,1
474,3,female,37.513138535382005,1,1,163.64153388662396,C,,113803,0
475,3,male,46.59985816528196,0,3,71.89495173531266,S,C23,113803,0
476,3,male,40.065346349310936,2,1,48.412162747741824,C,,373450,0
477,1,female,43.94466760128143,5,5,77.09535047609302,C,D12,373450,1
478,3,male,19.404868760027547,0,5,33.125247176563626,C,,A/5 21171,0
479,3,male,10.09465066561419,5,1,235.67556301968807,S,,PC 17599,0
480,3,female,51.01867112737681,2,2,197.13051271949038,S,,113803,0
481,3,male,25.482482256210098,2,2,118.28583834357248,S,D12,PC 17599,0
482,3,female,26.488337769629336,1,4,216.91583825322448,S,C23,A/5 21171,0
483,2,male,48.59471798588681,1,5,66.11726005184191,S,,A/5 21171,0
484,3,female,37.78722013160924,0,3,180.69453927568742,C,,373450,0
485,3,male,36.38242880914251,5,2,214.75246225836713,S,,113803,0
486,3,male,60.31003282861518,2,0,92.4083343477018,S,C23,STON/O2. 3101282,0
487,1,female,20.990744774678,0,5,190.57878913542584,S,,A/5 21171,1
488,2,male,42.98976179313732,3,3,77.29272556975579,S,B45,113803,0
489,3,female,30.798183748559183,0,3,78.21999813846254,S,E39,PC 17599,0
490,3,male,33.7602919040856,4,2,31.229008745775584,C,,373450,0
491,2,female,51.39855796977544,0,3,112.81422139480269,S,B45,PC 17599,1
492,3,female,37.109700588054736,4,2,183.77941709186845,C,,A/5 21171,0
493,2,female,37.53614510669486,4,1,235.35409736496482,C,,A/5 21171,1
494,1,female,45.01510272233723,4,5,152.93026302262854,C,,PC 17599,1
495,2,male,24.890661786399605,3,4,216.46820674525605,S,,A/5 21171,0
496,2,male,18.251064657253913,0,1,206.51118907610564,C,B45,113803,0
497,3,female,15.37267128370553,0,5,47.469047978943806,S,,A/5 21171,0
498,1,female,2.4710077487359747,3,2,124.0252700835947,S,,373450,1
499,3,female,58.78689981916451,2,5,33.64626620372091,S,,113803,0
500,3,male,14.555082879896435,1,2,172.12752458260056,S,,STON/O2. 3101282,0
501,3,male,26.90244926979919,0,1,237.72541872028862,S,,A/5 21171,0
502,3,male,26.12461380155511,1,0,38.586917229295345,S,,A/5 21171,0
503,2,male,34.30369376932741,5,0,184.80136704662263,S,,373450,0
504,3,female,41.420320975550155,5,5,159.89834696262594,Q,B45,373450,0
505,3,female,42.04662883703644,3,0,147.98323406698444,S,B45,PC 17599,0
506,1,female,21.836915860034864,5,2,100.57945749864311,S,,PC 17599,1
507,3,male,27.66029600699024,5,3,92.00725369968407,S,B45,PC 17599,0
508,3,male,33.95611930683619,2,2,16.086051309627525,S,,373450,0
509,3,male,26.51832423343034,2,3,58.387633521743304,Q,,PC 17599,0
510,3,female,52.5028380642799,2,1,8.71833616027259,S,,PC 17599,0
511,3,female,36.87364932293552,5,4,147.44719086759503,S,,STON/O2. 3101282,0
512,2,male,40.28828900469745,3,3,30.934042790087666,S,,PC 17599,0
513,3,female,39.28033776134378,4,0,218.88975153728043,Q,C23,A/5 21171,0
514,3,male,46.428634004794546,4,2,133.17004007080547,S,,373450,0
515,1,male,32.5343018218519,1,1,176.42402771938356,C,C23,113803,0
516,1,female,11.844352728618148,4,0,105.65998750092163,S,,STON/O2. 3101282,1
517,2,male,35.59563132453698,4,1,142.34205320525692,S,C23,373450,0
518,3,female,20.881003486914395,2,4,235.95149835682446,S,,373450,0
519,3,male,22.599366455503404,2,2,25.26983970779934,C,,A/5 21171,0
520,1,female,38.20909626257131,5,5,67.21475412130556,S,,PC 17599,1
521,3,female,47.335963000070905,1,2,196.09714009308337,S,,A/5 21171,0
522,2,female,30.29780207430486,0,4,29.190615686253132,S,,PC 17599,1
523,3,male,34.3236621763855,1,2,23.53697045650716,S,B45,PC 17599,0
524,3,male,53.831009224893336,1,5,93.57764269473945,S,,373450,0
525,3,female,33.370544512839956,3,3,27.581149825745914,Q,C23,PC 17599,0
526,2,female,66.42356359852553,5,1,148.34421834051975,S,,STON/O2. 3101282,1
527,2,male,37.91713503884162,3,5,60.437436450066954,S,B45,STON/O2. 3101282,0
528,2,male,5.349321371818551,1,0,224.44600098384623,C,,STON/O2. 3101282,0
529,1,male,40.546782695463456,1,4,196.9575198070879,S,,373450,0
530,3,female,35.33621738835889,1,3,176.42777549437167,S,D12,A/5 21171,0
531,3,male,48.05653855715844,4,0,156.15128670920296,S,,113803,0
532,3,male,39.424538917779415,3,0,216.54910393365853,S,,PC 17599,0
533,3,female,28.061616224227166,1,4,59.650205077975436,S,,113803,0
534,3,male,12.85982469194888,2,3,218.91166647723577,S,,A/5 21171,0
535,3,male,27.073674397995646,5,0,198.4256131138928,S,,A/5 21171,0
536,3,male,18.0927136410698,5,0,188.29940246498296,S,C23,373450,0
537,3,female,21.872671702733882,2,3,142.5076411283564,Q,,STON/O2. 3101282,0
538,2,female,38.240097661888534,5,2,65.32981943779703,C,,STON/O2. 3101282,1
539,2,female,53.37866306091969,4,0,108.7692394180146,C,,A/5 21171,1
540,1,female,35.525401417521735,4,1,199.42481036200638,C,,373450,1
541,3,female,13.257637131507419,0,3,12.78572866754449,S,,373450,0
542,3,female,36.22443735508197,0,0,196.60243846962078,C,B45,PC 17599,0
543,2,female,46.752840813039114,0,4,63.817331419453794,S,,STON/O2. 3101282,1
544,3,male,21.46303933952865,5,5,40.35575417679274,S,B45,A/5 21171,0
545,3,male,28.123759666579154,4,1,33.34682295417403,S,,113803,0
546,2,female,30.20563472620876,4,5,11.676252927949703,S,,STON/O2. 3101282,1
547,1,male,19.01142361684864,4,5,133.27868887925595,C,,PC 17599,0
548,3,male,39.075926073814024,2,0,58.473668809963726,Q,,373450,0
549,3,female,28.306725919491058,4,1,247.41078261600973,S,,A/5 21171,0
550,3,male,35.87345421469839,2,1,145.7370051886904,C,,STON/O2. 3101282,0
551,3,male,17.5751095107706,0,2,38.78189099222255,S,B45,113803,0
552,3,male,23.875583795472252,0,5,173.7468224987845,S,,PC 17599,0
553,3,male,40.1133390095888,5,1,224.9471737948827,S,C23,PC 17599,0
554,3,male,24.780335870715263,0,2,187.56897636555553,S,,STON/O2. 3101282,0
555,3,female,54.17749391726767,5,3,23.72776595466468,Q,D12,113803,0
556,2,female,24.40509340139557,1,2,224.4916243922016,C,C23,PC 17599,1
557,1,female,33.145586160526406,1,4,199.51269953569135,C,,A/5 21171,1
558,1,male,43.05627164622326,3,0,43.784455525875515,S,C23,PC 17599,0
559,3,female,10.142879738937555,5,3,17.68754273954013,Q,,113803,0
560,3,male,5.3486766322691395,3,3,141.5410909520056,S,C23,373450,0
561,3,male,8.640811596018672,3,4,43.22877377829434,C,,373450,0
562,2,male,47.67617744798055,1,2,209.47478338584165,S,,STON/O2. 3101282,0
563,1,male,22.273985957505744,5,0,92.79199088456006,S,C23,113803,0
564,1,female,65.81478999935553,1,2,228.65864896046097,S,,PC 17599,1
565,2,female,22.10053361879656,3,1,143.59360217454642,S,,PC 17599,1
566,3,male,32.583718244758515,5,2,49.754734138718696,S,B45,373450,0
567,2,female,51.58953933595026,3,3,39.201722503151025,S,,373450,1
568,2,male,58.08530043422772,4,0,146.2357472016497,S,,A/5 21171,0
569,3,female,58.86105007290957,5,2,191.66148490629877,S,,373450,0
570,2,female,46.917127228304,5,0,196.4688836968346,S,,A/5 21171,1
571,3,male,44.33687536136047,3,0,72.5605640881139,S,E39,PC 17599,0
572,3,female,38.29537728881657,4,1,55.040455933481034,S,,A/5 21171,0
573,2,male,40.897055066332925,2,1,9.105294600633691,S,,A/5 21171,0
574,3,female,22.283399971400534,1,3,171.4037920442865,S,,STON/O2. 3101282,0
575,3,male,18.5452156320877,3,4,23.75922331621705,Q,B45,373450,0
576,3,male,29.95275759624667,5,0,108.08649443265182,C,,A/5 21171,0
577,1,female,27.617415284651003,1,4,152.41213018448255,S,,PC 17599,1
578,3,female,23.654807309418146,1,3,234.59169150532085,C,D12,113803,0
579,2,male,39.749424264394015,1,0,81.39152355416331,C,,A/5 21171,0
580,2,female,43.37427291998715,2,0,66.19417979939735,Q,,373450,1
581,2,female,31.237696408085863,0,5,165.26923780009412,S,,STON/O2. 3101282,1
582,3,male,50.68542113477366,3,4,156.7135628531275,S,,PC 17599,0
583,2,male,14.016352402130929,0,2,86.36689691049052,S,,STON/O2. 3101282,0
584,2,female,27.288767570083948,0,1,232.3849496998977,S,,113803,1
585,3,male,19.964487511560733,0,2,211.99127023496,S,B45,A/5 21171,0
586,2,male,3.8684873609771593,1,4,59.875723736944884,S,,A/5 21171,0
587,1,male,28.84247039820221,4,1,63.58992363145818,C,C23,373450,0
588,1,female,28.29553488263403,1,2,130.51358498733475,Q,,A/5 21171,1
589,1,female,51.188296405389835,1,5,194.52516492402648,S,C23,PC 17599,1
590,1,male,38.83136358376689,5,1,15.789892950173776,S,C23,113803,0
591,1,female,15.661384459391131,5,0,174.86711266500313,S,,STON/O2. 3101282,1
592,3,male,55.95729592867863,0,2,163.81779485861375,C,,113803,0
593,1,female,47.09447173735494,1,1,61.71262349868212,S,,A/5 21171,1
594,2,male,38.14936784856062,0,5,171.93148824413046,S,B45,STON/O2. 3101282,0
595,3,male,26.829222616102353,5,1,235.34488185676022,S,B45,373450,0
596,2,female,16.567850685871285,4,1,16.462532018083287,S,,113803,1
597,3,male,24.789105135005258,3,5,83.31475354655532,S,,STON/O2. 3101282,0
598,1,female,45.2424806758586,0,2,112.35329558325704,S,,STON/O2. 3101282,1
599,1,female,56.384208283084526,4,3,225.31878793654894,C,C23,STON/O2. 3101282,1
600,1,male,51.605409395810646,3,2,240.7540544192434,Q,,PC 17599,0
601,1,male,23.156108094992163,2,4,113.8082353916014,Q,,113803,0
602,2,female,14.325355933953844,0,5,188.75696097483683,Q,,STON/O2. 3101282,1
603,1,male,31.972407456756855,0,2,135.25695082229834,S,,113803,0
604,1,male,5.2418488821200775,2,1,136.75681901163725,S,C23,STON/O2. 3101282,0
605,1,male,34.52434799858694,2,5,73.13438119125733,C,,373450,0
606,2,male,27.93356379181864,0,0,58.15428023665048,Q,,373450,0
607,2,male,23.47548897384461,2,2,75.56130975139008,S,,373450,0
608,2,female,7.674157058264864,1,5,141.30036177798442,S,,A/5 21171,1
609,3,female,37.19040149197603,3,2,12.143020575411803,S,,STON/O2. 3101282,0
610,3,male,22.54218824473324,3,5,227.27599136731942,S,E39,A/5 21171,0
611,1,male,13.621164300055966,3,1,43.28950883969517,S,C23,113803,0
612,3,male,0.5,1,0,58.92172583348971,S,,A/5 21171,0
613,3,female,29.61479132929109,2,0,131.97766322967334,S,,113803,0
614,1,male,54.81152235337642,4,4,178.97811775263344,S,B45,113803,0
615,3,female,53.257629003670175,2,5,28.453618412377338,C,,113803,0
616,3,female,23.600652407792193,0,2,82.83520089905473,S,,A/5 21171,0
617,1,female,21.56903115493507,5,0,242.3252783657175,S,B45,STON/O2. 3101282,1
618,2,male,36.562839585050334,3,0,69.27402686133169,S,B45,A/5 21171,0
619,3,female,16.022603851363918,2,3,81.69728554047099,C,E39,STON/O2. 3101282,0
620,3,male,34.225086597472526,4,3,209.9421302014182,S,D12,STON/O2. 3101282,0
621,1,female,40.725123897385664,0,0,17.302535764161536,Q,B45,113803,1
622,2,male,47.17706513438031,1,5,118.83022635819786,S,,A/5 21171,0
623,2,female,28.59784292928066,1,4,98.00610729065922,Q,,STON/O2. 3101282,1
624,2,male,27.148567497522478,4,0,82.56375617761954,Q,,373450,0
625,3,female,17.708243785408143,0,1,74.99640054096731,S,,STON/O2. 3101282,0
626,2,male,18.42367504344196,3,2,27.386655690800254,S,,373450,0
627,2,male,26.829295513378625,2,4,82.13232819115396,S,,A/5 21171,0
628,3,male,35.14311709542649,0,1,15.5478386653388,S,,A/5 21171,0
629,1,male,42.790184767265494,1,4,196.33614659288665,S,,A/5 21171,0
630,2,female,18.755494690475174,4,1,102.56580951971286,S,,STON/O2. 3101282,1
631,3,female,50.8976399654333,4,2,113.75643891837834,S,,PC 17599,0
632,3,male,26.204269585404038,2,2,223.93067368028224,S,,STON/O2. 3101282,0
633,3,female,29.700857879121894,4,3,166.22347104599908,S,C23,STON/O2. 3101282,0
634,3,male,19.539036491930474,4,5,6.9744803188193485,S,,113803,0
635,1,male,0.5,0,1,236.07783162551482,S,,113803,0
636,2,female,42.3766355490547,3,3,63.100394164539246,S,C23,STON/O2. 3101282,1
637,3,male,40.31581455929407,2,1,31.36547526616542,S,,373450,0
638,2,male,26.061414200345013,0,3,193.19140370331615,S,,113803,0
639,2,female,30.93787004114821,3,2,127.61694238734596,C,,STON/O2. 3101282,1
640,2,male,37.22314904785739,0,4,111.2737886744143,S,,PC 17599,0
641,1,male,8.124358003588402,5,3,66.12825452227173,S,D12,373450,0
642,2,male,22.59326251715187,0,1,139.13051501626808,S,,A/5 21171,0
643,2,male,41.11970551470558,4,1,72.22422827463393,C,,STON/O2. 3101282,0
644,2,female,12.439948075630507,3,5,225.88783629533157,C,,STON/O2. 3101282,1
645,1,female,34.10981105033281,2,2,57.72509753463223,C,,373450,1
646,3,female,11.007854735272328,2,1,221.6670118616596,S,,113803,0
647,3,male,36.53001975406937,3,0,142.05432930320245,S,,113803,0
648,3,male,29.50101924783523,4,4,207.97959280433406,S,,113803,0
649,3,female,7.388154577322869,1,3,179.64726898593398,S,,A/5 21171,0
650,2,male,46.3063509624004,0,5,175.6903023020034,Q,,373450,0
651,1,male,19.71571792482731,4,4,84.46472288528865,S,,373450,0
652,3,male,18.656465881798667,5,2,62.30474821068985,C,,113803,0
653,3,male,32.8079687612332,3,5,56.66712578179309,S,B45,113803,0
654,3,female,46.080922892002015,0,3,215.01195597959924,C,,PC 17599,0
655,2,female,15.778494534302443,2,3,206.0045709634599,S,,PC 17599,1
656,1,female,30.863517897871603,1,0,112.9405143630153,S,,STON/O2. 3101282,1
657,2,male,36.00343100462802,5,2,37.43913030663138,S,,STON/O2. 3101282,0
658,2,female,39.70347850168402,2,5,98.6518017344773,S,C23,373450,1
659,3,female,32.47018177388115,3,5,156.7391462635433,S,,373450,0
660,3,male,24.861610252833486,0,1,116.32877284758844,C,B45,A/5 21171,0
661,2,male,18.413736910917926,3,0,196.14637077833376,S,,A/5 21171,0
662,3,female,31.206014362649245,0,0,249.41759145158943,S,B45,PC 17599,0
663,3,female,14.990053832201504,4,5,51.82736166997972,S,,STON/O2. 3101282,0
664,2,female,0.5,1,5,117.61445081659525,S,B45,PC 17599,1
665,1,female,36.11183725820735,4,4,110.5910559706014,C,,PC 17599,1
666,1,male,42.65508777520674,4,4,79.60067052349295,C,,STON/O2. 3101282,0
667,2,female,0.5,3,4,53.533401596470945,C,,A/5 21171,1
668,1,female,15.863770134060875,1,0,21.09456853996651,C,,STON/O2. 3101282,1
669,1,male,38.66815965407277,0,1,222.34423271980612,C,E39,113803,0
670,2,female,58.80493657596378,0,3,107.86293093314781,S,,113803,1
671,1,male,30.29111190745571,5,4,126.73940203251198,C,,113803,0
672,3,male,19.807958822792116,2,1,229.6508018092244,S,,373450,0
673,1,male,27.43944982453224,5,2,195.19116699140721,S,,A/5 21171,0
674,3,female,49.24826986807459,5,4,36.97280970871013,S,,A/5 21171,0
675,2,female,20.956501492256507,0,3,143.52789206389687,C,,373450,1
676,3,male,18.81131190689645,3,2,113.35180774729199,C,,PC 17599,0
677,1,female,23.241590689451545,4,2,200.3167127817969,S,D12,113803,1
678,2,female,16.653399484378028,4,3,182.43697416492756,C,,113803,1
679,3,male,31.717384423927136,4,4,174.14940186821264,Q,,PC 17599,0
680,3,male,52.745498418573845,1,0,88.43348469257474,S,C23,STON/O2. 3101282,0
681,3,female,34.52310982362441,0,3,202.21611394781735,S,,STON/O2. 3101282,0
682,2,male,26.467050970231973,3,3,17.835867420741,C,,A/5 21171,0
683,1,female,25.914642235182384,1,3,44.10810085088097,S,,373450,1
684,3,female,8.1153286782468,2,2,87.22770187958837,S,,A/5 21171,0
685,3,female,42.363536880060224,3,1,23.817823061973915,S,,STON/O2. 3101282,0
686,3,female,28.91027924182077,5,0,62.57359799599944,S,B45,PC 17599,0
687,3,male,27.47328120973124,3,4,208.38699083448995,C,,A/5 21171,0
688,2,male,74.70350594982804,3,4,237.32162675856944,S,,113803,0
689,3,male,34.18254071711961,4,1,79.62757716467667,C,B45,113803,0
690,1,male,19.47492529866742,3,3,69.80637197726537,C,E39,PC 17599,0
691,2,female,24.030993653122394,5,0,73.57369980037458,C,,STON/O2. 3101282,1
692,2,female,46.07823992875457,5,4,73.04117640095674,S,,113803,1
693,3,male,31.585785747528703,0,5,13.802894635563383,S,,113803,0
694,2,female,9.864108303556865,3,4,232.09450485112148,S,D12,373450,1
695,1,female,42.86920508405285,4,3,57.356044684730456,S,B45,A/5 21171,1
696,3,female,20.645982802454085,3,5,107.90099814994421,C,,STON/O2. 3101282,0
697,2,male,56.22616886704564,2,1,7.373286271537096,S,,A/5 21171,0
698,3,male,45.12067292000508,2,0,215.198997274189,S,,STON/O2. 3101282,0
699,1,male,23.737493460777483,4,1,184.13354939145472,S,C23,113803,0
700,2,female,47.934229064291586,0,1,236.95522861755728,C,,373450,1
701,3,male,30.949977147383645,0,0,196.49579240311778,C,,A/5 21171,0
702,1,male,41.938831451711074,5,0,81.85809545275598,S,E39,113803,0
703,2,male,36.78625944212265,5,4,65.7289728884638,C,,STON/O2. 3101282,0
704,1,male,18.15100683012777,1,4,175.94049535055677,S,,A/5 21171,0
705,1,male,20.990302347555534,4,0,94.20762987757236,S,,A/5 21171,0
706,3,male,44.41945144613626,3,5,143.72267885939107,C,,113803,0
707,2,female,25.313145350508428,4,2,6.533080401485206,S,,A/5 21171,1
708,3,female,24.348921514612044,1,4,20.161996911716436,Q,,373450,0
709,2,male,16.628283889109056,5,2,136.16514558950453,S,,373450,0
710,3,male,35.93038691830846,4,5,143.68755337980045,S,B45,113803,0
711,3,female,58.87534886940403,4,0,189.1059713925392,Q,,STON/O2. 3101282,0
712,3,female,15.05453920044018,5,5,37.331503307870626,S,,113803,0
713,2,male,30.33907239341861,1,4,130.7298555204108,Q,,373450,0
714,2,male,49.771087775816014,5,1,52.63967288576371,Q,C23,PC 17599,0
715,2,male,28.885020522559987,0,0,27.8330492928602,S,C23,PC 17599,0
716,3,male,36.33320514749627,3,3,105.57146954483588,S,,A/5 21171,0
717,3,female,15.126490605943683,5,2,45.01747878181902,S,,A/5 21171,0
718,3,male,35.99629936090708,1,5,59.33658465711805,S,,PC 17599,0
719,1,male,27.379980289936316,2,0,82.80087206802793,S,,373450,0
720,3,male,43.80021993951808,0,5,68.55015818208308,S,,A/5 21171,0
721,3,male,46.62340472190652,2,0,26.459867864456868,S,B45,113803,0
722,1,female,66.2538909882606,5,4,27.02947999062706,S,B45,113803,1
723,1,female,38.11486442499006,0,4,52.3461067323712,Q,,373450,1
724,3,female,34.56114843215033,3,4,17.387001050087044,C,C23,A/5 21171,0
725,3,male,32.7213802220827,5,5,158.48196982084716,C,D12,113803,0
726,3,male,25.055671900650363,3,3,75.39504554468098,S,,A/5 21171,0
727,1,female,34.73877380846368,4,4,73.5377621034224,C,,A/5 21171,1
728,3,male,25.864380258053586,2,0,86.33958208825247,S,D12,113803,0
729,2,male,32.3584536677746,0,4,167.3850871813818,C,,PC 17599,0
730,1,female,48.44636549851144,3,1,218.30530096345518,Q,D12,113803,1
731,1,female,15.908404086085024,1,4,190.9762984761314,S,E39,373450,1
732,3,female,45.95829985580664,3,5,183.24466140514826,S,,STON/O2. 3101282,0
733,3,female,48.439610942758115,1,3,123.67584047220807,C,B45,113803,0
734,3,male,28.347040622124897,5,1,174.98236145701588,Q,C23,A/5 21171,0
735,2,male,0.5,0,5,140.42678016822788,C,,A/5 21171,0
736,3,female,21.490492180677947,3,5,57.98137940569958,S,,113803,0
737,2,male,48.157923651855526,3,5,56.104150096557426,S,,STON/O2. 3101282,0
738,3,female,29.679847127815652,0,0,77.61604168444444,S,,113803,0
739,2,female,16.00976874787125,3,5,228.14665438760426,C,,STON/O2. 3101282,1
740,2,male,22.933151102804956,1,0,139.11663589303285,S,,STON/O2. 3101282,0
741,2,female,41.768680371063745,3,5,184.80681736545802,C,,373450,1
742,2,male,37.65426995481931,2,2,89.90689615505416,S,,A/5 21171,0
743,3,male,26.65495061162428,5,1,104.89036381298018,S,C23,A/5 21171,0
744,3,male,24.864458234594373,4,2,35.76356676612659,S,E39,STON/O2. 3101282,0
745,2,male,24.515385913386496,1,5,46.96726466630924,C,E39,A/5 21171,0
746,3,female,17.086257417020967,2,1,207.70235593240565,S,,PC 17599,0
747,2,male,52.615259652572185,5,1,148.2854647637761,S,B45,STON/O2. 3101282,0
748,3,female,25.487513431041243,0,3,87.69545414153563,S,C23,A/5 21171,0
749,3,female,47.04021929155695,1,2,201.69854620390876,S,,PC 17599,0
750,3,female,51.29842472691432,4,3,65.39737688130583,S,,373450,0
751,1,female,43.97635257407144,5,1,244.12801115704994,C,,A/5 21171,1
752,3,male,23.957315621947323,4,0,89.4803138978116,S,D12,PC 17599,0
753,3,male,35.65222126471253,0,1,87.64118376705076,S,,113803,0
754,2,female,29.661261510527172,0,3,81.41841685649278,C,,113803,1
755,1,female,17.348173949778207,1,2,34.91732140145054,Q,,PC 17599,1
756,3,male,34.54102994410244,3,5,32.22860109634304,S,,STON/O2. 3101282,0
757,3,female,13.493442923762764,0,5,163.78573346086023,S,,STON/O2. 3101282,0
758,3,male,46.627511438461894,5,2,219.40392091672152,C,,A/5 21171,0
759,3,female,23.495357837822496,3,5,198.67752501656,Q,,113803,0
760,3,male,32.81623518221975,2,5,39.571360535231015,C,C23,STON/O2. 3101282,0
761,1,female,33.96603020164599,4,3,138.66761983905627,S,,STON/O2. 3101282,1
762,2,female,26.37533036814292,3,2,30.8699287642768,S,,113803,1
763,2,male,38.213713220653844,4,4,16.097187685203973,C,,373450,0
764,3,female,23.35134880728466,3,0,165.81453554926796,S,,STON/O2. 3101282,0
765,1,female,42.19816216440142,2,0,136.11232175168584,S,,PC 17599,1
766,3,male,11.156284476545522,0,5,25.09580287681036,C,,A/5 21171,0
767,3,female,31.769314113649767,2,0,13.56011536946717,S,C23,STON/O2. 3101282,0
768,3,male,57.14500598681599,0,2,247.490321285287,S,C23,STON/O2. 3101282,0
769,2,male,15.995361455521953,0,2,12.35522637652261,S,B45,373450,0
770,3,female,20.511570412652077,4,1,113.90942199728912,S,,PC 17599,0
771,1,female,37.19470989522481,5,1,128.63166102888542,S,,A/5 21171,1
772,3,female,32.51414494715437,2,0,33.73363621110904,C,D12,STON/O2. 3101282,0
773,1,female,34.908821389829825,3,4,46.42013571773048,S,,A/5 21171,1
774,2,female,36.84861982206729,2,1,91.19222657053636,S,,113803,1
775,3,female,38.88610055986478,4,1,191.61058967234734,Q,,STON/O2. 3101282,0
776,1,female,45.535797787387125,0,2,129.23519389476536,S,,STON/O2. 3101282,1
777,2,male,35.73746119699918,4,4,161.28595926547558,S,,113803,0
778,3,female,26.622392835340406,1,5,246.36776599721532,Q,E39,373450,0
779,3,male,39.41603181683824,1,0,193.16133165173636,C,,STON/O2. 3101282,0
780,3,female,56.59834708853302,3,1,111.41856704459835,S,,A/5 21171,0
781,3,female,28.14312755064397,4,4,114.37827084015444,C,E39,PC 17599,0
782,3,male,16.35658973461102,3,4,156.59915887504621,S,E39,A/5 21171,0
783,2,female,45.49912937001762,3,0,168.01447606263156,C,,373450,1
784,2,female,28.314663704649625,1,4,127.67417682998448,S,,PC 17599,1
785,1,male,0.5,3,4,162.99099958967008,C,B45,A/5 21171,0
786,3,female,41.863903480105904,1,4,10.765461131454199,S,C23,A/5 21171,0
787,3,female,22.50540539664508,0,1,110.25760165472681,S,,113803,0
788,2,female,28.732534047741748,4,0,73.3398286380018,S,B45,373450,1
789,2,male,34.647724627966205,3,4,36.64773908456205,S,,113803,0
790,3,female,32.66699551690693,1,4,29.388895638149908,C,,PC 17599,0
791,1,female,39.93232543994655,2,1,152.78208057559354,S,,113803,1
792,3,female,23.903190812022192,3,0,133.28213405238986,S,,373450,0
793,3,female,37.18348117446516,5,2,67.12810866411044,S,C23,STON/O2. 3101282,0
794,3,male,26.36634651382516,0,1,120.38276439926605,S,,STON/O2. 3101282,0
795,1,male,40.34334673242504,0,0,125.59691721969003,C,,PC 17599,0
796,3,female,38.615144776182746,2,4,52.77720020746087,C,,STON/O2. 3101282,0
797,3,female,16.903858171375667,1,0,164.7628001610044,S,,113803,0
798,3,male,45.20374962645045,3,0,196.32524231459215,Q,,PC 17599,0
799,3,male,22.496511768403327,1,5,198.90856751793214,C,,373450,0
800,3,female,41.31280917593603,0,0,152.60510852234648,S,,PC 17599,0
